Alias,e900,&#xe900
APIGateway,e901,&#xe901
Authentication,e902,&#xe902
AWSLambdaFunction,e903,&#xe903
AWSLambdaFunctionInvokeBlack,e905,&#xe905
AWSLambdaInvokeFunctionBlack,e906,&#xe906
Beans,e907,&#xe907
Book,e908,&#xe908
Bucket,e909,&#xe909
CallToJavaBean,e90a,&#xe90a
CallToJavaProgram,e90b,&#xe90b
CallToProgram,e90c,&#xe90c
Category,e90d,&#xe90d
Class,e90e,&#xe90e
Condition,e90f,&#xe90f
ConstraintPrimary,e910,&#xe910
Constructor,e911,&#xe911
Cursor,e912,&#xe912
Database,e913,&#xe913
DatabaseConnection,e914,&#xe914
DatabaseView,e915,&#xe915
DataBlock,e916,&#xe916
DataModule,e917,&#xe917
DataSet,e918,&#xe918
Destructor,e919,&#xe919
Division,e91a,&#xe91a
Enumeration,e91b,&#xe91b
EnumItem,e91c,&#xe91c
EventHandler,e91d,&#xe91d
File,e91e,&#xe91e
Folder,e91f,&#xe91f
ForeignKey,e920,&#xe920
Form,e921,&#xe921
Function,e922,&#xe922
Index,e923,&#xe923
Lambda,e924,&#xe924
List,e925,&#xe925
ListBean,e926,&#xe926
LocalStorage,e927,&#xe927
Macro,e928,&#xe928
Namespace,e929,&#xe929
Package,e92a,&#xe92a
Paragraph,e92b,&#xe92b
Procedure,e92c,&#xe92c
Process,e92d,&#xe92d
Program,e92e,&#xe92e
PropertyGetter,e92f,&#xe92f
PropertySetter,e930,&#xe930
Queue,e931,&#xe931
QueueCall,e932,&#xe932
QueueReceive,e933,&#xe933
Receive,e934,&#xe934
Region,e935,&#xe935
ResourceServiceDelete,e936,&#xe936
ResourceServiceGet,e937,&#xe937
ResourceServicePost,e938,&#xe938
ResourceServicePut,e939,&#xe939
RouteFrom,e93a,&#xe93a
RouteTo,e93b,&#xe93b
Schema,e93c,&#xe93c
Section,e93d,&#xe93d
Service,e93e,&#xe93e
SQLNamedQuery,e93f,&#xe93f
Synonym,e940,&#xe940
Table,e941,&#xe941
TableColumn,e942,&#xe942
Trigger,e943,&#xe943
UIButton,e944,&#xe944
UITextField,e945,&#xe945
UIView,e946,&#xe946
UniqueKey,e947,&#xe947
Variable,e948,&#xe948
WebService,e949,&#xe949
